"Title","ID","Created Date","Updated Date","Owner","userid","volveratras_ps.p7","volverinicio_rv.p7","gf_rv.p7","gf_rpahorros.p7","ps_inicio.p7","volveratras_pg.p7","volveratras_cm.p7","modmixtas_inicio.p7","ps_rpahorros.p7","ctiempo_gf.p7","ctiempo_rpahorros.p7","cm_inicio.p7","rpahorros_inicio.p7","volverinicio_rpahorros.p7","volveratras_gf.p7","cm_rpahorros.p7","pg_rv.p7","volverinicio_contestar.p7","volverinicio_instrucciones.p7","rv_inicio.p7","ctiempo_inicio.p7","pg_inicio.p7","cm_instrucciones.p7","cm_rv.p7","volverinicio_modmixtas.p7","difmodmix_modmixtas.p7","volveratras_difmodmix.p7","cm_modmixtas.p7","cm_clickaqui.p7","volverinicio_clickaqui.p7","y_contestar.p7","n_contestar.p7","gf_clickaqui.p7","difmodmix_inicio.p7","ps_instrucciones.p7","ps_rv.p7","ps_contestar.p7","bleaesto_inicio.p7","inicio_wix.p7","bcontestaryniniciop7","cm_rpsalud.p7","ps_rpsalud.p7","rpsalud_inicio.p7","volverinicio_rpsalud.p7","ctiempo_rpsalud.p7","gf_rpsalud.p7","ps_modmixtas.p7","gf_masinfo.p7","gf_inicio.p7","bcontestaryn_masinfo.p7","cm_contestar.p7"
,"0f8dc4d9-935c-4884-ba16-27f27a47fb3b",2022-11-17T18:43:47Z,2022-11-17T19:06:26Z,"9e4072ba-0f68-4219-bf7e-f83ff95347d3","5882-2-7-21-4-SCESS-LAB-04D",,,,,,,,,,,,,,,,,,,,,,,,,,,,,,,,,,,,,,,,"2022-11-17 16:09:04",,,,,,,,,,,
,"5555d502-e67d-4c40-b6a6-9ffc21be7b06",2022-11-17T19:45:36Z,2022-11-17T20:14:58Z,"8423fa35-1965-4ebc-8d69-50aedf9e1dc3","4433-2-7-24-1-SCESS-LAB-03C",,,,,,,,,,,,,,,,,,,,,,,,,,,,,,,,,,,,,,,,"2022-11-17 17:15:20 ; 2022-11-17 17:15:46",,,,,,,,,,,
,"57296358-eae0-44be-9d91-d0d77947fa8a",2023-06-08T16:32:56Z,2023-06-08T16:47:01Z,"9e4072ba-0f68-4219-bf7e-f83ff95347d3","5336-1-7-20-3-SCESS-LAB-04D",,,,,,,,,,,,,,,,,,,,,,,,,,,,,,,,,,,,,,,,"2023-06-08 12:49:06",,,,,,,,,,,
,"6591d2f4-63e2-40af-b3fa-07749ac140df",2022-11-30T19:14:10Z,2022-11-30T19:23:49Z,"9e4072ba-0f68-4219-bf7e-f83ff95347d3","6033-2-7-19-3-SCESS-LAB-04D",,,,,,,,,,,,,,,,,,,,,,,,,,,,,,,,,,,,,,,,"2022-11-30 16:18:56 ; 2022-11-30 16:27:14",,,,,,,,,,,
,"6ee47599-64b7-477e-9741-9a3e9a58ddee",2022-11-29T16:27:01Z,2022-11-29T16:31:28Z,"6f591eb7-38cb-4cac-bb3a-8e6d90adbaca","9789-2-7-22-2-SCESS-LAB-11K",,,,,,,,,,,,,,,,,,,,,,,,,,,,,,,,,,,,,,,,"2022-11-29 13:32:30",,,,,,,,,,,
,"7dfcf4ea-25d1-4a55-bad9-b030a3f2f0ab",2022-11-15T17:51:19Z,2022-11-15T18:03:18Z,"ba678453-89f6-490d-b5c8-3de0316be1fc","6345-2-7-21-1-SCESS-LAB-07G",,,,,,,,,,,,,,,,,,,,,,,,,,,,,,,,,,,,,,,,"2022-11-15 14:57:26",,,,,,,,,,,
,"80ba6940-7b35-4f5f-b900-a4a580f90dd6",2022-12-14T16:45:44Z,2022-12-14T16:54:01Z,"b214f0a8-a526-4f49-92b7-b70d2347feab","4996-2-7-25-4-SCESS-LAB-01A",,,,,,,,,,,,,,,,,,,,,,,,,,,,,,,,,,,,,,,,"2022-12-14 15:25:34",,,,,,,,,,,
,"819f22f2-586f-4192-87ea-d1e017a890df",2022-11-11T15:08:37Z,2022-11-11T15:27:35Z,"63de36d8-4e7d-479a-928c-ad1650e7f259","5559-2-7-20-1-SCESS-LAB-08H",,,,,,,,,,,,,,,,,,,,,,,,,,,,,,,,,,,,,,,,,,,,,,,,,,,
,"88c252f5-da27-4c2b-af59-5487039c7933",2023-06-15T16:08:39Z,2023-06-15T16:20:14Z,"9e4072ba-0f68-4219-bf7e-f83ff95347d3","7609-2-7-20-2-SCESS-LAB-04D",,,,,,,,,,,,,,,,,,,,,,,,,,,,,,,,,,,,,,,,"2023-06-15 12:22:32",,,,,,,,,,,
,"8d6d1106-b426-4f1e-8060-7fc8a0effd24",2022-11-30T19:37:19Z,2022-11-30T20:11:14Z,"b214f0a8-a526-4f49-92b7-b70d2347feab","9862-2-7-23-4-SCESS-LAB-01A",,,,,,,,,,,,,,,,,,,,,,,,,,,,,,,,,,,,,,,,"2022-11-30 18:39:59 ; 2022-11-30 18:42:49",,,,,,,,,,,
,"95ee4dac-0192-4947-b634-618526603077",2023-05-31T15:48:03Z,2023-05-31T16:06:20Z,"6f591eb7-38cb-4cac-bb3a-8e6d90adbaca","9498-2-7-20-2-SCESS-LAB-11K",,,,,,,,,,,,,,,,,,,,,,,,,,,,,,,,,,,,,,,,"2023-05-31 11:53:48 ; 2023-05-31 12:03:06",,,,,,,,,,,
,"9c25ac56-9bb6-47d9-8e7e-fd875c9ac1a8",2022-11-17T18:44:28Z,2022-11-17T19:10:15Z,"63de36d8-4e7d-479a-928c-ad1650e7f259","2374-2-7-21-4-SCESS-LAB-08H",,,,,,,,,,,,,,,,,,,,,,,,,,,,,,,,,,,,,,,,"2022-11-17 15:53:00",,,,,,,,,,,
,"9db13dad-6da7-47a8-820a-8d94627fca91",2022-11-24T19:45:18Z,2022-11-24T19:49:53Z,"b214f0a8-a526-4f49-92b7-b70d2347feab","5061-2-7-20-2-SCESS-LAB-01A",,,,,,,,,,,,,,,,,,,,,,,,,,,,,,,,,,,,,,,,"2022-11-24 18:19:23",,,,,,,,,,,
,"a2ddce75-c8e7-4e62-8bfa-be2a15453d31",2022-11-29T14:51:13Z,2022-11-29T15:02:19Z,"b3b8c681-d5cd-45f9-80b4-daeaf47aabc5","2259-2-7-20-3-SCESS-LAB-02B",,,,,,,,,,,,,,,,,,,,,,,,,,,,,,,,,,,,,,,,"2022-11-29 12:01:03 ; 2022-11-29 12:04:27",,,,,,,,,,,
,"a450fc51-de25-4df7-a6c9-08c0ed591c70",2022-11-11T15:11:08Z,2022-11-11T15:20:14Z,"6f591eb7-38cb-4cac-bb3a-8e6d90adbaca","7583-1-7-21-4-SCESS-LAB-11K",,,,,,,,,,,,,,,,,,,,,,,,,,,,,,,,,,,,,,,,"2022-11-11 12:20:53",,,,,,,,,,,
,"ac853388-9517-4dd0-9bd1-b1d1dfa2b0ce",2022-11-24T18:54:05Z,2022-11-24T18:56:34Z,"b214f0a8-a526-4f49-92b7-b70d2347feab","5933-1-7-21-1-SCESS-LAB-01A",,,,,,,,,,,,,,,,,,,,,,,,,,,,,,,,,,,,,,,,"2022-11-24 17:27:55",,,,,,,,,,,
,"b2258ccd-08df-44f1-a03a-8f9316cce43d",2022-11-22T19:11:19Z,2022-11-22T19:20:28Z,"9e4072ba-0f68-4219-bf7e-f83ff95347d3","1354-2-7-20-4-SCESS-LAB-04D",,,,,,,,,,,,,,,,,,,,,,,,,,,,,,,,,,,,,,,,"2022-11-22 16:17:05",,,,,,,,,,,
,"be3d2a1b-7f78-4d9d-ba5a-7cedc8614ecf",2022-11-22T19:11:01Z,2022-11-22T19:39:14Z,"ba678453-89f6-490d-b5c8-3de0316be1fc","4798-1-7-23-3-SCESS-LAB-07G",,,,,,,,,,,,,,,,,,,,,,,,,,,,,,,,,,,,,,,,"2022-11-22 16:35:11",,,,,,,,,,,
,"c029b29f-e2dc-4cb5-9abb-1f7764ccba0e",2022-11-15T19:18:14Z,2022-11-15T19:32:48Z,"9e4072ba-0f68-4219-bf7e-f83ff95347d3","6552-1-7-22-2-SCESS-LAB-04D",,,,,,,,,,,,,,,,,,,,,,,,,,,,,,,,,,,,,,,,"2022-11-15 16:24:31",,,,,,,,,,,
,"c241f4ba-25fb-4363-a6b4-95a8ebc62dd9",2022-11-15T19:21:46Z,2022-11-15T19:40:41Z,"6f591eb7-38cb-4cac-bb3a-8e6d90adbaca","2682-2-7-21-4-SCESS-LAB-11K",,,,,,,,,,,,,,,,,,,,,,,,,,,,,,,,,,,,,,,,"2022-11-15 16:41:48",,,,,,,,,,,
,"c96e9d9b-10cf-44df-b30d-5461049a9dbf",2022-12-14T15:17:15Z,2022-12-14T15:27:29Z,"b214f0a8-a526-4f49-92b7-b70d2347feab","377-1-7-25-2-SCESS-LAB-01A",,,,,,,,,,,,,,,,,,,,,,,,,,,,,,,,,,,,,,,,"2022-12-14 13:58:58",,,,,,,,,,,
,"cd8217ed-e5b0-4ee1-8ed3-111f6f9e8e33",2022-11-16T19:47:46Z,2022-11-16T20:01:46Z,"b3b8c681-d5cd-45f9-80b4-daeaf47aabc5","9633-1-7-24-3-SCESS-LAB-02B",,,,,,,,,,,,,,,,,,,,,,,,,,,,,,,,,,,,,,,,"2022-11-16 17:03:00",,,,,,,,,,,
,"d0eaf23e-c1b2-4420-a4d8-412760970d9e",2022-12-01T19:14:57Z,2022-12-01T19:17:56Z,"0f16f462-ace8-473e-ac7f-a7f74e81fe59","5379-1-7-22-1-SCESS-LAB-06F",,,,,,,,,,,,,,,,,,,,,,,,,,,,,,,,,,,,,,,,"2022-12-01 16:18:52",,,,,,,,,,,
,"d4564a2c-22c2-47c7-8dd6-65ec166b9937",2022-11-24T19:34:57Z,2022-11-24T19:49:21Z,"9e4072ba-0f68-4219-bf7e-f83ff95347d3","9623-1-7-21-1-SCESS-LAB-04D",,,,,,,,,,,,,,,,,,,,,,,,,,,,,,,,,,,,,,,,"2022-11-24 16:52:22",,,,,,,,,,,
,"e6f42ef8-398e-49ad-aeb8-f3a19625407d",2023-06-22T20:13:19Z,2023-06-22T20:22:53Z,"bdda9590-68e3-424e-bcd4-f802fd34b1f8","5736-2-7-62-",,,,,,,,,,,,,,,,,,,,,,,,,,,,,,,,,,,,,,,,"2023-06-22 16:15:12",,,,,,,,,,,
,"f6114e84-ebc2-4115-be1d-c30813687c5f",2023-05-31T15:33:12Z,2023-05-31T15:43:53Z,"9e4072ba-0f68-4219-bf7e-f83ff95347d3","7568-1-7-20-1-SCESS-LAB-04D",,,,,,,,,,,,,,,,,,,,,,,,,,,,,,,,,,,,,,,,"2023-05-31 11:44:49",,,,,,,,,,,
,"f6c51bb0-def6-4c80-a4c9-901e02d30bc5",2022-11-15T17:49:33Z,2022-11-15T17:55:37Z,"c652c8ff-d61f-409e-b1f2-ffcb80259c42","5525-1-7-19-3-SCESS-LAB-10J",,,,,,,,,,,,,,,,,,,,,,,,,,,,,,,,,,,,,,,,"2022-11-15 14:54:46",,,,,,,,,,,
,"f96b9f31-7257-4089-a5ce-b8102b3a7cd1",2023-06-01T15:39:45Z,2023-06-01T16:00:32Z,"9e4072ba-0f68-4219-bf7e-f83ff95347d3","7289-2-7-20-3-SCESS-LAB-04D",,,,,,,,,,,,,,,,,,,,,,,,,,,,,,,,,,,,,,,,"2023-06-01 11:45:02",,,,,,,,,,,
