"Title","ID","Created Date","Updated Date","Owner","userid","ps_instrucciones.p8","volveratras_ps.p8","cm_pgusinafp.p8","volveratras_cm.p8","ps_inicio.p8","cm_inicio.p8","cm_instrucciones.p8","bcontestaryn_inicio.p8","volverinicio_pgusinafp.p8","y_contestar.p8","pgusinafp_inicio.p8","bleaesto_inicio.p8","volverinicio_invsinafp.p8","volveratras_ci.p8","n_contestar.p8","volveratras_rsh.p8","rsh_inicio.p8","cm_contestar.p8","pguconafp_inicio.p8","ejpgu_inicio.p8","ps_pgusinafp.p8","volverinicio_contestar.p8","invsinafp_inicio.p8","cu_inicio.p8","volverinicio_instrucciones.p8","ps_contestar.p8","ci_inicio.p8","volveratras_masinfo.p8","volveratras_cu.p8","cu_masinfo.p8","invconafp_inicio.p8","cm_masinfo.p8","bcontestaryn_masinfo.p8","volveratras_clickaqui.p8","ci_masinfo.p8","ps_masinfo.p8","rsh_masinfo.p8","bleaesto_masinfo.p8","ejpgu_masinfo.p8","volverinicio_pguconafp.p8","cm_pguconafp.p8","ps_pguconafp.p8","rsh_invsinafp.p8","ci_invsinafp.p8","volverinicio_clickaqui.p8","inicio_wix.p8","rsh_pgusinafp.p8","volverinicio_invconafp.p8","ejpgu_pguconafp.p8","rsh_pguconafp.p8"
,"0131a71b-cf43-48c0-9c7d-e4e14a06a2ef",2022-11-24T17:22:51Z,2022-11-24T17:43:01Z,"63a3ad9d-1188-44c6-afc9-fb76041fc7ca","3779-1-8-21-7-SCESS-LAB-03C",,,,,,,,,,,,,,,,,,,,,,,,,,,,,,,,,,,,,,,,,,,,,,,,,,
,"02020aa7-a5d5-4340-9a49-ae27918420c8",2022-11-16T18:40:38Z,2022-11-16T18:43:11Z,"6989e4b7-ed48-4fb3-be8d-b58e902cd621","4343-1-8-20-8-SCESS-LAB-09I",,,,,,,,,,,,,,,,,,,,,,,,,,,,,,,,,,,,,,,,,,,,,,,,,,
,"06e3e912-1304-45e0-af57-c348a64f57f4",2022-11-17T18:45:33Z,2022-11-17T18:58:11Z,"38f7555f-b27b-4621-8d53-ec74d80b62c4","6967-2-8-21-8-SCESS-LAB-11K",,,,,,,,,,,,,,,,,,,,,,,,,,,,,,,,,,,,,,,,,,,,,,,,,,
,"084f986a-26b2-43d9-af0b-31cc0c3a1057",2022-11-17T19:44:02Z,2022-11-17T19:52:20Z,"a3eab57a-1a6e-4fd5-8521-1a7adf4c0988","7071-2-8-20-8-SCESS-LAB-02B",,,,,,,,,,,,,,,,,,,,,,,,,,,,,,,,,,,,,,,,,,,,,,,,,,
,"0c587473-64b6-4254-bdf1-5dd1f7d4c566",2023-05-31T15:51:21Z,2023-05-31T15:57:45Z,"35abfd39-894e-407f-b0ac-c0cfa150f44b","357-1-8-19-5-SCESS-LAB-10J",,,,,,,,,,,,,,,,,,,,,,,,,,,,,,,,,,,,,,,,,,,,,,,,,,
,"0cfe0100-83ff-44c0-94ea-a601cff06de0",2022-11-29T16:20:17Z,2022-11-29T16:35:55Z,"802dd78e-fdb9-4687-8045-c3e0845aaa64","2214-2-8-21-5-SCESS-LAB-014N",,,,,,,,,,,,,,,,,,,,,,,,,,,,,,,,,,,,,,,,,,,,,,,,,,
,"318da298-4ada-4064-be5e-7cce2df2ed93",2022-11-24T19:24:08Z,2022-11-24T19:37:52Z,"a3eab57a-1a6e-4fd5-8521-1a7adf4c0988","6200-2-8-22-5-SCESS-LAB-02B",,,,,,,,,,,,,,,,,,,,,,,,,,,,,,,,,,,,,,,,,,,,,,,,,,
,"49fc6c62-bb4b-420e-9de5-6ba4b00830a0",2022-11-29T16:32:39Z,2022-11-29T16:45:26Z,"480816d6-13b9-43a8-8af3-841f0baf0a34","9179-2-8-21-6-SCESS-LAB-16P",,,,,,,,,,,,,,,,,,,,,,,,,,,,,,,,,,,,,,,,,,,,,,,,,,
,"4fef312d-fcac-485e-9b80-10d18d6e093a",2022-11-28T19:16:07Z,2022-11-28T19:17:32Z,"36913363-cbc3-4273-9774-cc76b7f37de9","7170-2-8-21-5-SCESS-LAB-07G",,,,,,,,,,,,,,,,,,,,,,,,,,,,,,,,,,,,,,,,,,,,,,,,,,
,"53429092-5fd7-4fb6-9182-0ac0830bee00",2022-11-16T18:47:58Z,2022-11-16T19:00:25Z,"9559113a-f029-4b96-b00f-bf6558001807","1242-1-8-20-7-SCESS-LAB-04D",,,,,,,,,,,,,,,,,,,,,,,,,,,,,,,,,,,,,,,,,,,,,,,,,,
,"7450e453-2aff-4822-b680-2088dc8424fc",2022-12-14T15:15:45Z,2022-12-14T15:23:35Z,"63a3ad9d-1188-44c6-afc9-fb76041fc7ca","5861-1-8-22-6-SCESS-LAB-03C",,,,,,,,,,,,,,,,,,,,,,,,,,,,,,,,,,,,,,,,,,,,,,,,,,
,"77528909-6ba2-42d2-80ac-16593f459ae9",2022-11-14T18:50:05Z,2022-11-14T18:59:41Z,"9559113a-f029-4b96-b00f-bf6558001807","3775-1-8-20-5-SCESS-LAB-04D",,,,,,,,,,,,,,,,,,,,,,,,,,,,,,,,,,,,,,,,,,,,,,,,,,
,"82a73e7b-f064-4a2e-b0d6-cf6280ef0414",2022-11-16T18:46:23Z,2022-11-16T18:50:23Z,"38f7555f-b27b-4621-8d53-ec74d80b62c4","4120-2-8-20-6-SCESS-LAB-11K",,,,,,,,,,,,,,,,,,,,,,,,,,,,,,,,,,,,,,,,,,,,,,,,,,
,"90a4e371-a57b-468e-b5d3-6bb7ec73f7f1",2022-11-30T19:43:43Z,2022-11-30T19:57:06Z,"9559113a-f029-4b96-b00f-bf6558001807","1271-2-8-21-7-SCESS-LAB-04D",,,,,,,,,,,,,,,,,,,,,,,,,,,,,,,,,,,,,,,,,,,,,,,,,,
,"98468ea0-2212-4f66-b387-986ebee68335",2022-11-14T18:48:12Z,2022-11-14T19:07:08Z,"36913363-cbc3-4273-9774-cc76b7f37de9","9980-2-8-21-6-SCESS-LAB-07G",,,,,,,,,,,,,,,,,,,,,,,,,,,,,,,,,,,,,,,,,,,,,,,,,,
,"9915c56c-2d31-41cd-a220-eb046b82e069",2023-07-06T16:31:51Z,2023-07-06T16:45:16Z,"38f7555f-b27b-4621-8d53-ec74d80b62c4","9195-1-8-19-6-SCESS-LAB-11K",,,,,,,,,,,,,,,,,,,,,,,,,,,,,,,,,,,,,,,,,,,,,,,,,,
,"9b30bece-6dd2-4ad8-a442-eef83fb8c0cc",2022-11-16T19:34:53Z,2022-11-16T19:55:33Z,"63a3ad9d-1188-44c6-afc9-fb76041fc7ca","987-2-8-23-7-SCESS-LAB-03C",,,,,,,,,,,,,,,,,,,,,,,,,,,,,,,,,,,,,,,,,,,,,,,,,,
,"9b616c60-e56f-4394-9d22-54c9eb231cfe",2022-11-11T15:43:45Z,2022-11-11T15:49:56Z,"480816d6-13b9-43a8-8af3-841f0baf0a34","4885-2-8-27-5-SCESS-LAB-16P",,,,,,,,,,,,,,,,,,,,,,,,,,,,,,,,,,,,,,,,,,,,,,,,,,
,"b23faa0e-2aa2-433f-8fe2-fe929a16686c",2022-11-23T19:50:22Z,2022-11-23T19:55:39Z,"63a3ad9d-1188-44c6-afc9-fb76041fc7ca","6663-2-8-21-7-SCESS-LAB-03C",,,,,,,,,,,,,,,,,,,,,,,,,,,,,,,,,,,,,,,,,,,,,,,,,,
,"b72ab036-cb0a-4fa8-a760-05af16d08598",2022-11-23T19:09:12Z,2022-11-23T19:28:26Z,"a3eab57a-1a6e-4fd5-8521-1a7adf4c0988","6673-1-8-25-7-SCESS-LAB-02B",,,,,,,,,,,,,,,,,,,,,,,,,,,,,,,,,,,,,,,,,,,,,,,,,,
,"bdafaa61-086c-4ca5-88fa-72fc4295a2b9",2022-11-30T19:07:39Z,2022-11-30T19:10:03Z,"8d814ba3-c48e-4172-a862-de3f41549553","617-1-8-21-5-SCESS-LAB-06F",,,,,,,,,,,,,,,,,,,,,,,,,,,,,,,,,,,,,,,,,,,,,,,,,,
,"c3619c6a-8da5-4b38-8876-3bd56ec40802",2023-05-31T15:19:37Z,2023-05-31T15:37:09Z,"63a3ad9d-1188-44c6-afc9-fb76041fc7ca","4792-2-8-19-6-SCESS-LAB-03C",,,,,,,,,,,,,,,,,,,,,,,,,,,,,,,,,,,,,,,,,,,,,,,,,,
,"db75ec74-8ccf-4a8c-b968-19437f130fee",2023-06-08T15:52:21Z,2023-06-08T16:01:04Z,"9559113a-f029-4b96-b00f-bf6558001807","7723-2-8-20-5-SCESS-LAB-04D",,,,,,,,,,,,,,,,,,,,,,,,,,,,,,,,,,,,,,,,,,,,,,,,,,
,"dd882e99-2510-4a80-bd97-4b61ce9ab711",2023-07-06T16:02:56Z,2023-07-06T16:27:28Z,"6bd50cdd-dee8-479a-a618-b0458bd57160","7013-2-8-18-5-SCESS-LAB-13M",,,,,,,,,,,,,,,,,,,,,,,,,,,,,,,,,,,,,,,,,,,,,,,,,,
,"e91ed947-82e2-46f3-92e7-6db9f5513fc1",2022-11-24T19:49:29Z,2022-11-24T20:14:02Z,"36913363-cbc3-4273-9774-cc76b7f37de9","8429-1-8-25-5-SCESS-LAB-07G",,,,,,,,,,,,,,,,,,,,,,,,,,,,,,,,,,,,,,,,,,,,,,,,,,
,"efeccaff-1132-43c6-92d5-2349fb654925",2023-05-31T15:26:08Z,2023-05-31T15:39:28Z,"8d814ba3-c48e-4172-a862-de3f41549553","7954-1-8-19-7-SCESS-LAB-06F",,,,,,,,,,,,,,,,,,,,,,,,,,,,,,,,,,,,,,,,,,,,,,,,,,
,"f7367ed7-0cb5-4f3a-86f2-cd588f8e1bc8",2022-12-14T15:16:04Z,2022-12-14T15:17:54Z,"a3eab57a-1a6e-4fd5-8521-1a7adf4c0988","936-2-8-20-6-SCESS-LAB-02B",,,,,,,,,,,,,,,,,,,,,,,,,,,,,,,,,,,,,,,,,,,,,,,,,,
