"Title","ID","Created Date","Updated Date","Owner","userid","cmvideoplay_invsinafp.p2","volverinicio_contestar.p2","volverinicio_invconafp.p2","bcontestaryn_inicio.p2","rsh_pgusinafp.p2","volveratras_ps.p2","videoplay_cm.p2","bleaesto_masinfo.p2","cm_inicio.p2","cu_masinfo.p2","videopausa_cm.p2","rsh_pguconafp.p2","ejpgu_pguconafp.p2","ps_inicio.p2","ci_invsinafp.p2","cm_instrucciones.p2","ejpgu_masinfo.p2","pguconafp_inicio.p2","volveratras_cu.p2","rsh_inicio.p2","volverinicio_pgusinafp.p2","cm_contestar.p2","bcontestaryn_masinfo.p2","cmvideoplay_pgusinafp.p2","volveratras_ci.p2","psvideoplay_pgusinafp.p2","volveratras_rsh.p2","ps_instrucciones.p2","volverinicio_instrucciones.p2","volverinicio_pgusconafp.p2","rsh_masinfo.p2","psvideoplay_pguconafp.p2","bleaesto_inicio.p2","psvideopausa_invsinafp.p2","ci_inicio.p2","ci_masinfo.p2","cm_masinfo.p2","cmvideopausa_pguconafp.p2","volveratras_masinfo.p2","cu_inicio.p2","volverinicio_clickaqui.p2","ps_masinfo.p2","volveratras_cm.p2","ps_contestar.p2","cmvideoplay_pguconafp.p2","cu_pgusinafp.p2","invsinafp_inicio.p2","volverinicio_invsinafp.p2","pgusinafp_inicio.p2","y_contestar.p2","cmvideopausa_invsinafp.p2","cmvideopausa_pgusinafp.p2","ejpgu_inicio.p2","n_contestar.p2","ci_invconafp.p2","invconafp_inicio.p2","rsh_invconafp.p2","rsh_invsinafp.p2","volveratras_clickaqui.p2","psvideopausa_pgusinafp.p2","videoplay_ps.p2","videopausa_ps.p2","inicio_wix.p2","psvideopausa_pguconafp.p2","psvideoplay_invconafp.p2","cmvideoplay_invconfp.p2","psvideoplay_invsinafp.p2","psvideopausa_invconafp.p2","cmvideopausa_invconafp.p2"
,"00ea18a5-6fb1-4b90-b1b7-c44845afc7e0",2022-11-22T17:41:01Z,2022-11-22T17:53:25Z,"573c9224-1f50-4cf1-bf0f-3d6ced8dab43","6995-1-2-28-6-SCESS-LAB-02B",,,,,,,,,,,,,,,,,,,,,,,,,,,,,,,,,,,,,,,,,,,,,,,,,,,,,,,,,,,,,,,,,,,,,
,"0850a350-64cd-4cee-b145-ac446c1cabd0",2022-11-30T19:32:18Z,2022-11-30T19:43:29Z,"63ce4c73-5fea-4891-bdd4-12e2b2597f39","536-2-2-23-5-SCESS-LAB-11K",,,,,,,,,,,,,,,,,,,,,,,,,,,,,,,,,,,,,,,,,,,,,,,,,,,,,,,,,,,,,,,,,,,,,
,"107c3b70-7619-4944-b4ea-eb9bca5600d2",2022-11-24T18:55:37Z,2022-11-24T19:18:20Z,"822a951f-2b84-410a-9630-9eaf10a030cf","759-1-2-22-8-SCESS-LAB-07G",,,,,,,,,,,,,,,,,,,,,,,,,,,,,,,,,,,,,,,,,,,,,,,,,,,,,,,,,,,,,,,,,,,,,
,"190cc86d-58ab-4c3e-a78e-bf766dfa49f7",2022-11-29T16:04:20Z,2022-11-29T16:14:59Z,"0a22972f-5669-44a8-83c3-c2fbc9097400","4917-2-2-20-6-SCESS-LAB-04D",,,,,,,,,,,,,,,,,,,,,,,,,,,,,,,,,,,,,,,,,,,,,,,,,,,,,,,,,,,,,,,,,,,,,
,"21202b75-dba4-4f01-956f-1aaa02554014",2022-11-17T18:37:27Z,2022-11-17T18:58:41Z,"7c75a9dd-52f6-4da6-9550-1978746b3b46","6654-1-2-19-6-SCESS-LAB-03C",,,,,,,,,,,,,,,,,,,,,,,,,,,,,,,,,,,,,,,,,,,,,,,,,,,,,,,,,,,,,,,,,,,,,
,"35344550-6fba-4a8a-a301-a617d809866e",2023-07-06T15:35:43Z,2023-07-06T15:53:36Z,"7c75a9dd-52f6-4da6-9550-1978746b3b46","8755-2-2-20-7-SCESS-LAB-03C",,,,,,,,,,,,,,,,,,,,,,,,,,,,,,,,,,,,,,,,,,,,,,,,,,,,,,,,,,,,,,,,,,,,,
,"378aebe7-0f8f-48ef-b994-00d44ec6719c",2023-06-07T17:11:46Z,2023-06-07T17:31:59Z,"257121cc-4baf-4c1e-9613-2f99110a58ff","1777-1-2-19-8-SCESS-LAB-01A",,,,,,,,,,,,,,,,,,,,,,,,,,,,,,,,,,,,,,,,,,,,,,,,,,,,,,,,,,,,,,,,,,,,,
,"47e8a57c-a431-452f-9f9e-7820f021258d",2022-11-22T19:09:35Z,2022-11-22T19:27:27Z,"eebf3ccf-8d3e-4201-992d-80b9e2c98cf5","2437-2-2-19-8-SCESS-LAB-06F",,,,,,,,,,,,,,,,,,,,,,,,,,,,,,,,,,,,,,,,,,,,,,,,,,,,,,,,,,,,,,,,,,,,,
,"505dfc06-f946-476c-a0ce-44af1d920365",2022-11-17T19:59:27Z,2022-11-17T20:08:54Z,"c0a71532-7435-4a3c-a0b1-2fbe879b003c","1844-2-2-22-6-SCESS-LAB-13M",,,,,,,,,,,,,,,,,,,,,,,,,,,,,,,,,,,,,,,,,,,,,,,,,,,,,,,,,,,,,,,,,,,,,
,"5ca15eec-7011-4c7f-83ff-91d704638f03",2022-11-17T18:50:15Z,2022-11-17T19:07:54Z,"15aacc38-2b0d-4367-9bec-52ccfc7672e2","9894-2-2-22-6-SCESS-LAB-014N",,,,,,,,,,,,,,,,,,,,,,,,,,,,,,,,,,,,,,,,,,,,,,,,,,,,,,,,,,,,,,,,,,,,,
,"67e1ddbb-5981-4cd3-98d6-04ade00e966c",2022-12-14T16:44:33Z,2022-12-14T16:46:32Z,"7c75a9dd-52f6-4da6-9550-1978746b3b46","2517-2-2-30-8-SCESS-LAB-03C",,,,,,,,,,,,,,,,,,,,,,,,,,,,,,,,,,,,,,,,,,,,,,,,,,,,,,,,,,,,,,,,,,,,,
,"69bd4b58-a4b5-49b1-adeb-ae23bc2fe789",2022-11-15T17:53:48Z,2022-11-15T18:07:28Z,"c0e47e2e-c7fc-44f8-a2cb-23d4b177a0f5","6846-1-2-20-6-SCESS-LAB-08H",,,,,,,,,,,,,,,,,,,,,,,,,,,,,,,,,,,,,,,,,,,,,,,,,,,,,,,,,,,,,,,,,,,,,
,"89859866-162e-440b-b411-a14b29da80dd",2023-06-22T20:12:36Z,2023-06-22T20:15:00Z,"252d97cc-c98a-47b4-a476-19c299d20281","4165-1-2-39-8",,,,,,,,,,,,,,,,,,,,,,,,,,,,,,,,,,,,,,,,,,,,,,,,,,,,,,,,,,,,,,,,,,,,,
,"8bd01e20-e2b5-4489-a0e1-3a57420a7854",2022-11-15T17:54:22Z,2022-11-15T18:08:19Z,"a7d00335-3a54-43d0-a590-2e9ff72fb055","4194-2-2-19-8-SCESS-LAB-09I",,,,,,,,,,,,,,,,,,,,,,,,,,,,,,,,,,,,,,,,,,,,,,,,,,,,,,,,,,,,,,,,,,,,,
,"8df215de-8581-46eb-ab11-dab05d5cbe79",2022-11-29T16:24:08Z,2022-11-29T16:34:59Z,"573c9224-1f50-4cf1-bf0f-3d6ced8dab43","4551-2-2-21-8-SCESS-LAB-02B",,,,,,,,,,,,,,,,,,,,,,,,,,,,,,,,,,,,,,,,,,,,,,,,,,,,,,,,,,,,,,,,,,,,,
,"8f07d6b8-7a3d-4417-b895-1f17b1368c88",2022-12-01T19:53:17Z,2022-12-01T20:11:45Z,"0a22972f-5669-44a8-83c3-c2fbc9097400","3602-2-2-21-8-SCESS-LAB-04D",,,,,,,,,,,,,,,,,,,,,,,,,,,,,,,,,,,,,,,,,,,,,,,,,,,,,,,,,,,,,,,,,,,,,
,"92b815eb-906c-4b08-aad3-7f9afdd288e3",2022-12-14T16:49:09Z,2022-12-14T17:01:21Z,"63ce4c73-5fea-4891-bdd4-12e2b2597f39","2352-1-2-33-7-SCESS-LAB-11K",,,,,,,,,,,,,,,,,,,,,,,,,,,,,,,,,,,,,,,,,,,,,,,,,,,,,,,,,,,,,,,,,,,,,
,"97de8900-436e-4cb2-941c-192712f8d2eb",2022-11-16T18:36:43Z,2022-11-16T18:45:30Z,"7c75a9dd-52f6-4da6-9550-1978746b3b46","7726-1-2-20-7-SCESS-LAB-03C",,,,,,,,,,,,,,,,,,,,,,,,,,,,,,,,,,,,,,,,,,,,,,,,,,,,,,,,,,,,,,,,,,,,,
,"98ffda2e-8113-4d0e-85dc-b5e7707691cc",2022-11-15T19:17:23Z,2022-11-15T19:28:44Z,"7c75a9dd-52f6-4da6-9550-1978746b3b46","3955-2-2-21-8-SCESS-LAB-03C",,,,,,,,,,,,,,,,,,,,,,,,,,,,,,,,,,,,,,,,,,,,,,,,,,,,,,,,,,,,,,,,,,,,,
,"a2653a33-6c51-461e-99ee-56454b671aef",2022-11-17T18:37:03Z,2022-11-17T18:59:32Z,"257121cc-4baf-4c1e-9613-2f99110a58ff","213-2-2-21-8-SCESS-LAB-01A",,,,,,,,,,,,,,,,,,,,,,,,,,,,,,,,,,,,,,,,,,,,,,,,,,,,,,,,,,,,,,,,,,,,,
,"acacbdb3-b273-47e0-872b-c4f51086ec07",2022-11-14T18:50:00Z,2022-11-14T19:12:53Z,"573c9224-1f50-4cf1-bf0f-3d6ced8dab43","3062-1-2-19-8-SCESS-LAB-02B",,,,,,,,,,,,,,,,,,,,,,,,,,,,,,,,,,,,,,,,,,,,,,,,,,,,,,,,,,,,,,,,,,,,,
,"b2dbd624-fe53-418e-9604-6dc71eaadabb",2022-11-24T18:42:42Z,2022-11-24T18:55:01Z,"edf762cd-6df2-4b1b-b805-11a660b66a67","6769-2-2-20-8-SCESS-LAB-10J",,,,,,,,,,,,,,,,,,,,,,,,,,,,,,,,,,,,,,,,,,,,,,,,,,,,,,,,,,,,,,,,,,,,,
,"cbee4866-8139-4c24-8d65-77655b809c68",2023-06-01T15:39:03Z,2023-06-01T15:58:38Z,"822a951f-2b84-410a-9630-9eaf10a030cf","6181-2-2-19-7-SCESS-LAB-07G",,,,,,,,,,,,,,,,,,,,,,,,,,,,,,,,,,,,,,,,,,,,,,,,,,,,,,,,,,,,,,,,,,,,,
,"d9d5eabd-f3b9-48ca-a3c8-2a947484cd09",2023-05-31T15:21:02Z,2023-05-31T15:35:47Z,"257121cc-4baf-4c1e-9613-2f99110a58ff","9691-1-2-24-5-SCESS-LAB-01A",,,,,,,,,,,,,,,,,,,,,,,,,,,,,,,,,,,,,,,,,,,,,,,,,,,,,,,,,,,,,,,,,,,,,
,"ea778141-4bf8-46ba-a30e-705e2e0b6c51",2022-11-11T15:04:49Z,2022-11-11T15:17:04Z,"573c9224-1f50-4cf1-bf0f-3d6ced8dab43","1234-2-2-22-7-SCESS-LAB-02B",,,,,,,,,,,,,,,,,,,,,,,,,,,,,,,,,,,,,,,,,,,,,,,,,,,,,,,,,,,,,,,,,,,,,
,"ece51e7a-42f4-4c15-b852-b09ab8188f65",2022-11-28T19:26:14Z,2022-11-28T19:37:43Z,"edf762cd-6df2-4b1b-b805-11a660b66a67","6994-1-2-21-7-SCESS-LAB-10J",,,,,,,,,,,,,,,,,,,,,,,,,,,,,,,,,,,,,,,,,,,,,,,,,,,,,,,,,,,,,,,,,,,,,
,"f30c6d5b-cbd1-48af-a69f-61b110c30f29",2022-12-22T16:10:55Z,2022-12-22T16:22:21Z,"822a951f-2b84-410a-9630-9eaf10a030cf","4284-2-2-21-7-SCESS-LAB-07G",,,,,,,,,,,,,,,,,,,,,,,,,,,,,,,,,,,,,,,,,,,,,,,,,,,,,,,,,,,,,,,,,,,,,
,"f96da47c-ad18-4339-88d7-8b4f555e54fa",2022-11-24T19:04:49Z,2022-11-24T19:12:07Z,"c0a71532-7435-4a3c-a0b1-2fbe879b003c","9877-1-2-21-6-SCESS-LAB-13M",,,,,,,,,,,,,,,,,,,,,,,,,,,,,,,,,,,,,,,,,,,,,,,,,,,,,,,,,,,,,,,,,,,,,
,"fb5dca9a-7b05-4c96-9c55-40c897b60a5d",2022-11-08T17:16:06Z,2022-11-08T17:18:00Z,"c0a71532-7435-4a3c-a0b1-2fbe879b003c","4804-2-2-29-8-SCESS-LAB-13M",,,,,,,,,,,,,,,,,,,,,,,,,,,,,,,,,,,,,,,,,,,,,,,,,,,,,,,,,,,,,,,,,,,,,
